City_ID,City,Country,Date,Lat,Lng,Max Temp,Humidity,Cloudiness,Wind Speed
0,Mar Del Plata,AR,2022-04-05 00:33:23,-38.0023,-57.5575,60.87,74,0,0.0
1,Hermanus,ZA,2022-04-05 00:36:34,-34.4187,19.2345,61.81,81,4,11.74
2,Hilo,US,2022-04-05 00:36:34,19.7297,-155.09,77.25,83,75,3.0
3,Cayenne,GF,2022-04-05 00:36:35,4.9333,-52.3333,81.09,1,100,3.44
4,Albany,US,2022-04-05 00:32:37,42.6001,-73.9662,43.75,64,100,7.0
5,Airai,TL,2022-04-05 00:36:35,-8.9266,125.4092,71.33,55,27,0.49
6,Saldanha,ZA,2022-04-05 00:36:32,-33.0117,17.9442,59.05,87,8,8.21
7,Mount Gambier,AU,2022-04-05 00:36:36,-37.8333,140.7667,55.31,88,40,5.75
8,Barrow,US,2022-04-05 00:36:36,71.2906,-156.7887,-5.78,71,100,16.11
9,Punta Arenas,CL,2022-04-05 00:36:36,-53.15,-70.9167,39.31,75,75,19.57
10,Severo-Yeniseyskiy,RU,2022-04-05 00:36:37,60.3725,93.0408,22.8,91,100,6.73
11,Mataura,NZ,2022-04-05 00:36:37,-46.1927,168.8643,66.61,60,100,2.75
12,Saint-Philippe,RE,2022-04-05 00:36:37,-21.3585,55.7679,75.22,87,62,11.52
13,Ushuaia,AR,2022-04-05 00:34:40,-54.8,-68.3,37.06,70,40,18.41
14,Rikitea,PF,2022-04-05 00:36:38,-23.1203,-134.9692,78.24,64,69,11.56
15,Pietersburg,ZA,2022-04-05 00:36:38,-23.9045,29.4688,59.85,88,2,1.14
16,Lavrentiya,RU,2022-04-05 00:36:38,65.5833,-171.0,1.2,79,13,11.95
17,Mabaruma,GY,2022-04-05 00:36:39,8.2,-59.7833,74.73,89,29,4.41
18,Broken Hill,AU,2022-04-05 00:32:09,-31.95,141.4333,73.11,33,0,5.75
19,Castro,BR,2022-04-05 00:36:13,-24.7911,-50.0119,63.79,97,100,2.59
20,Husavik,IS,2022-04-05 00:36:39,66.0449,-17.3389,22.68,92,100,6.42
21,Kisangani,CD,2022-04-05 00:36:39,0.5167,25.2,70.09,94,85,1.23
22,Busselton,AU,2022-04-05 00:36:40,-33.65,115.3333,61.12,60,0,9.82
23,Cape Town,ZA,2022-04-05 00:32:23,-33.9258,18.4232,61.88,89,75,11.5
24,Beloha,MG,2022-04-05 00:36:40,-25.1667,45.05,70.54,90,14,5.35
25,Chokurdakh,RU,2022-04-05 00:36:40,70.6333,147.9167,-7.64,94,19,9.24
26,Tilaran,CR,2022-04-05 00:36:41,10.4703,-84.9671,72.32,83,100,6.15
27,Agadir,MA,2022-04-05 00:36:41,30.4202,-9.5982,55.85,68,2,10.85
28,Staryy Nadym,RU,2022-04-05 00:36:42,65.6118,72.6842,33.21,99,100,9.48
29,Chuy,UY,2022-04-05 00:36:42,-33.6971,-53.4616,55.8,62,0,5.82
30,Coquimbo,CL,2022-04-05 00:32:51,-29.9533,-71.3436,61.36,76,0,3.69
31,Tuktoyaktuk,CA,2022-04-05 00:36:42,69.4541,-133.0374,-14.8,70,75,8.05
32,Tasiilaq,GL,2022-04-05 00:36:43,65.6145,-37.6368,15.96,90,93,8.77
33,Vaini,TO,2022-04-05 00:36:43,-21.2,-175.2,80.76,78,75,10.36
34,Kokopo,PG,2022-04-05 00:36:43,-4.352,152.2633,85.8,64,66,9.75
35,Glens Falls,US,2022-04-05 00:33:00,43.3095,-73.644,46.85,50,75,5.75
36,Talnakh,RU,2022-04-05 00:36:44,69.4865,88.3972,-0.09,84,34,9.13
37,Port Lincoln,AU,2022-04-05 00:36:44,-34.7333,135.8667,62.6,79,100,15.59
38,Nenjiang,CN,2022-04-05 00:36:44,49.1833,125.2167,27.59,88,100,18.61
39,Coruripe,BR,2022-04-05 00:36:45,-10.1256,-36.1756,76.6,80,23,3.44
40,Puerto Ayora,EC,2022-04-05 00:36:45,-0.7393,-90.3518,76.55,95,33,6.91
41,Chicama,PE,2022-04-05 00:36:45,-7.8447,-79.1469,63.14,78,65,5.93
42,Guilin,CN,2022-04-05 00:36:46,25.2819,110.2864,57.31,62,84,4.34
43,Avarua,CK,2022-04-05 00:36:46,-21.2078,-159.775,82.45,78,20,3.44
44,Bethel,US,2022-04-05 00:36:46,41.3712,-73.414,49.91,70,100,4.43
45,Durazno,UY,2022-04-05 00:32:05,-33.4131,-56.5006,52.27,36,0,7.29
46,Guerrero Negro,MX,2022-04-05 00:37:47,27.9769,-114.0611,62.37,72,0,19.75
47,High Level,CA,2022-04-05 00:37:47,58.5169,-117.136,44.71,49,75,6.91
48,Mahebourg,MU,2022-04-05 00:37:48,-20.4081,57.7,77.29,94,75,6.91
49,Kharp,RU,2022-04-05 00:37:48,66.8014,65.8081,11.93,90,21,8.77
50,Atar,MR,2022-04-05 00:37:48,20.5169,-13.0499,70.68,47,0,2.39
51,Khatanga,RU,2022-04-05 00:37:49,71.9667,102.5,-13.61,92,50,4.74
52,Yaan,NG,2022-04-05 00:37:49,7.3833,8.5667,80.13,70,99,8.93
53,Hithadhoo,MV,2022-04-05 00:37:49,-0.6,73.0833,82.67,67,7,2.37
54,Bambous Virieux,MU,2022-04-05 00:37:50,-20.3428,57.7575,77.25,94,75,6.91
55,Djambala,CG,2022-04-05 00:37:50,-2.5447,14.7533,68.07,93,100,3.69
56,Fort Nelson,CA,2022-04-05 00:37:50,58.8053,-122.7002,40.59,48,40,10.36
57,Srednekolymsk,RU,2022-04-05 00:37:50,67.45,153.6833,-3.8,86,100,2.15
58,Lata,PT,2022-04-05 00:37:51,40.1629,-8.3327,43.59,52,100,4.79
59,Gabu,GW,2022-04-05 00:37:51,12.2833,-14.2167,78.75,24,0,3.71
60,Iqaluit,CA,2022-04-05 00:37:51,63.7506,-68.5145,8.33,78,100,17.27
61,Maragogi,BR,2022-04-05 00:37:52,-9.0122,-35.2225,77.59,78,5,4.83
62,Arraial Do Cabo,BR,2022-04-05 00:37:52,-22.9661,-42.0278,76.96,87,0,10.36
63,Hasaki,JP,2022-04-05 00:37:52,35.7333,140.8333,52.29,84,100,23.24
64,Ponta Delgada,PT,2022-04-05 00:37:53,37.7333,-25.6667,52.52,76,20,2.3
65,Victoria,HK,2022-04-05 00:37:12,22.2855,114.1577,72.95,64,17,3.0
66,Port Alfred,ZA,2022-04-05 00:37:53,-33.5906,26.891,62.87,81,0,9.57
67,Codrington,AU,2022-04-05 00:37:53,-38.2667,141.9667,61.86,58,100,4.74
68,Dikson,RU,2022-04-05 00:37:54,73.5069,80.5464,3.92,83,53,15.59
69,Kapaa,US,2022-04-05 00:37:54,22.0752,-159.319,80.58,73,20,14.97
70,Dwarka,IN,2022-04-05 00:37:54,22.2394,68.9678,77.79,72,8,8.88
71,Zhigansk,RU,2022-04-05 00:37:55,66.7697,123.3711,0.18,88,78,16.89
72,Nanakuli,US,2022-04-05 00:37:55,21.3906,-158.1547,82.35,50,75,11.5
73,Upernavik,GL,2022-04-05 00:37:55,72.7868,-56.1549,19.22,84,100,5.01
74,Hofn,IS,2022-04-05 00:37:56,64.2539,-15.2082,27.64,60,100,13.69
75,East London,ZA,2022-04-05 00:37:56,-33.0153,27.9116,64.53,77,7,7.4
76,Bredasdorp,ZA,2022-04-05 00:37:56,-34.5322,20.0403,58.5,82,7,7.14
77,Vila Franca Do Campo,PT,2022-04-05 00:37:57,37.7167,-25.4333,52.21,67,83,4.85
78,Faya,SA,2022-04-05 00:37:57,18.3851,42.4509,60.91,24,2,2.86
79,Cabinda,AO,2022-04-05 00:37:57,-5.55,12.2,78.04,89,100,4.41
80,Atuona,PF,2022-04-05 00:37:58,-9.8,-139.0333,79.95,72,8,22.01
81,Vestmanna,FO,2022-04-05 00:37:58,62.1564,-7.1664,29.32,74,75,5.75
82,Yoichi,JP,2022-04-05 00:33:09,43.2039,140.7703,48.85,52,0,4.14
83,Conceicao Do Araguaia,BR,2022-04-05 00:37:58,-8.2578,-49.2647,73.8,87,31,0.85
84,Muros,ES,2022-04-05 00:37:59,42.7762,-9.0603,46.09,64,0,16.73
85,Narsaq,GL,2022-04-05 00:37:59,60.9167,-46.05,46.62,81,100,3.65
86,Abaza,RU,2022-04-05 00:37:59,52.655,90.0928,41.27,85,31,4.25
87,Moose Factory,CA,2022-04-05 00:38:00,51.2585,-80.6094,19.4,73,40,9.22
88,Ormond Beach,US,2022-04-05 00:38:00,29.2858,-81.0559,73.49,71,20,7.0
89,Arlit,NE,2022-04-05 00:38:00,18.7369,7.3853,85.26,6,100,5.39
90,Severo-Kurilsk,RU,2022-04-05 00:38:01,50.6789,156.125,36.41,91,24,7.45
91,Northam,GB,2022-04-05 00:38:01,51.0333,-4.2167,52.39,95,100,13.11
92,Lang Son,VN,2022-04-05 00:39:01,21.8333,106.7333,66.25,51,20,3.33
93,Bluff,NZ,2022-04-05 00:39:02,-46.6,168.3333,62.94,76,100,8.08
94,Mapiri,BO,2022-04-05 00:39:02,-15.25,-68.1667,68.45,98,84,0.63
95,Esperance,AU,2022-04-05 00:39:03,-33.8667,121.9,60.64,68,42,14.74
96,Paamiut,GL,2022-04-05 00:39:03,61.994,-49.6678,30.76,96,100,11.05
97,Inhambane,MZ,2022-04-05 00:39:03,-23.865,35.3833,73.92,69,9,9.13
98,Camacha,PT,2022-04-05 00:34:32,33.0833,-16.3333,53.02,54,40,21.85
99,Los Llanos De Aridane,ES,2022-04-05 00:39:04,28.6585,-17.9182,58.75,74,0,18.41
100,Finnsnes,NO,2022-04-05 00:39:04,69.2296,17.9811,2.75,89,17,4.68
101,Sao Joao Da Barra,BR,2022-04-05 00:39:04,-21.6403,-41.0511,77.47,88,0,8.9
102,Lompoc,US,2022-04-05 00:39:05,34.6391,-120.4579,77.56,60,0,26.46
103,Qaanaaq,GL,2022-04-05 00:39:05,77.484,-69.3632,27.34,71,100,9.1
104,Narrabri,AU,2022-04-05 00:39:05,-30.3167,149.7833,78.53,61,0,5.75
105,Norman Wells,CA,2022-04-05 00:39:06,65.282,-126.8329,5.04,47,75,12.66
106,San Pedro,PH,2022-04-05 00:39:06,14.35,121.0167,76.23,94,100,4.61
107,Havre,FR,2022-04-05 00:39:07,49.5833,0.3333,48.6,100,100,13.8
108,Voskresenskoye,RU,2022-04-05 00:39:07,56.8381,45.4317,24.93,93,99,5.41
109,Bathsheba,BB,2022-04-05 00:39:07,13.2167,-59.5167,79.41,69,20,17.27
110,Pangnirtung,CA,2022-04-05 00:39:08,66.1451,-65.7125,5.2,97,100,3.44
111,Pevek,RU,2022-04-05 00:39:08,69.7008,170.3133,-8.88,92,69,3.89
112,Charters Towers,AU,2022-04-05 00:36:10,-20.1,146.2667,85.53,50,19,5.77
113,Udachnyy,RU,2022-04-05 00:39:09,66.4167,112.4,3.45,77,100,4.25
114,Lashio,MM,2022-04-05 00:39:09,22.9333,97.75,70.14,68,75,1.23
115,Tiksi,RU,2022-04-05 00:39:09,71.6872,128.8694,-4.52,99,100,4.5
116,Nikolskoye,RU,2022-04-05 00:39:10,59.7035,30.7861,33.8,97,100,12.48
117,Tandur,IN,2022-04-05 00:39:10,17.2333,77.5833,80.13,45,59,4.05
118,Aklavik,CA,2022-04-05 00:39:11,68.2191,-135.0107,-7.6,81,100,6.69
119,Cedar City,US,2022-04-05 00:39:11,37.6775,-113.0619,61.77,23,20,14.97
120,Katsuura,JP,2022-04-05 00:39:11,35.1333,140.3,55.42,90,99,23.47
121,Maniitsoq,GL,2022-04-05 00:39:12,65.4167,-52.9,24.75,84,54,2.44
122,Ribeira Grande,PT,2022-04-05 00:39:12,38.5167,-28.7,60.22,74,26,7.31
123,New Norfolk,AU,2022-04-05 00:39:12,-42.7826,147.0587,61.66,61,100,1.01
124,Skjervoy,NO,2022-04-05 00:39:13,70.0311,20.9714,26.01,63,33,9.91
125,Vikarabad,IN,2022-04-05 00:39:13,17.3333,77.9,76.71,49,33,5.95
126,Wajima,JP,2022-04-05 00:39:14,37.4,136.9,50.68,87,75,5.75
127,Aripuana,BR,2022-04-05 00:39:14,-9.1667,-60.6333,73.85,98,100,1.23
128,Tokmak,UA,2022-04-05 00:39:14,47.2514,35.7058,36.48,59,99,6.67
129,Bumba,CD,2022-04-05 00:39:15,2.1833,22.4667,71.76,93,100,1.39
130,Mahon,ES,2022-04-05 00:39:15,39.8885,4.2658,50.56,71,40,12.66
131,Kolosovka,RU,2022-04-05 00:39:15,56.4678,73.611,37.83,84,100,12.53
132,Mandera,KE,2022-04-05 00:39:16,3.9366,41.867,82.58,57,3,15.7
133,Ponto Novo,BR,2022-04-05 00:39:16,-10.8628,-40.1336,72.72,75,6,6.06
134,Carnarvon,AU,2022-04-05 00:39:16,-24.8667,113.6333,73.47,83,0,14.97
135,Jamestown,US,2022-04-05 00:38:20,42.097,-79.2353,42.44,49,100,5.75
136,Francistown,BW,2022-04-05 00:39:17,-21.17,27.5079,65.82,83,5,5.03
137,Stryn,NO,2022-04-05 00:39:17,61.9045,6.7226,30.15,97,100,3.27
138,Tiznit,MA,2022-04-05 00:39:18,29.5833,-9.5,50.81,80,80,10.69
139,Margate,GB,2022-04-05 00:39:18,51.3813,1.3862,53.69,79,100,7.0
140,Najran,SA,2022-04-05 00:40:19,17.4924,44.1277,65.05,12,0,2.62
141,Faanui,PF,2022-04-05 00:40:19,-16.4833,-151.75,82.96,73,8,16.42
142,Hobart,AU,2022-04-05 00:37:22,-42.8794,147.3294,62.02,62,75,12.66
143,Camana,PE,2022-04-05 00:40:19,-16.6228,-72.7111,69.28,83,81,3.85
144,Chernyshevskiy,RU,2022-04-05 00:40:20,63.0128,112.4714,7.09,88,99,3.22
145,Japura,ID,2022-04-05 00:40:20,-0.3167,102.35,77.47,91,29,1.01
146,Mizdah,LY,2022-04-05 00:40:21,31.4451,12.9801,74.12,13,26,9.84
147,Mendoza,AR,2022-04-05 00:40:21,-32.8908,-68.8272,63.93,45,0,3.44
148,Opuwo,NA,2022-04-05 00:40:21,-18.0607,13.84,63.23,68,14,5.01
149,Leesburg,US,2022-04-05 00:40:22,39.1157,-77.5636,53.26,58,75,0.0
150,Haines Junction,CA,2022-04-05 00:40:22,60.7522,-137.5108,37.35,44,43,9.22
151,Pilar,BR,2022-04-05 00:40:22,-9.5972,-35.9567,75.13,87,1,0.87
152,Phayao,TH,2022-04-05 00:40:23,19.25,100.25,75.92,58,12,1.23
153,Ola,RU,2022-04-05 00:40:23,59.5833,151.2833,23.14,87,100,25.28
154,Westport,US,2022-04-05 00:40:24,41.1415,-73.3579,51.57,50,20,7.0
155,Thompson,CA,2022-04-05 00:37:10,55.7435,-97.8558,41.16,42,0,5.75
156,Dombarovskiy,RU,2022-04-05 00:40:24,50.7587,59.5386,38.17,90,100,10.98
157,Malanje,AO,2022-04-05 00:40:24,-9.5402,16.341,64.29,96,98,2.89
158,Fredericksburg,US,2022-04-05 00:36:50,38.3032,-77.4605,56.21,48,100,4.61
159,Petropavlovsk-Kamchatskiy,RU,2022-04-05 00:40:25,53.0452,158.6483,39.78,45,0,2.24
160,Nouadhibou,MR,2022-04-05 00:40:25,20.931,-17.0347,64.38,94,20,9.22
161,Bogale,MM,2022-04-05 00:40:26,16.2833,95.4,80.85,64,67,3.76
162,Marsh Harbour,BS,2022-04-05 00:40:26,26.5412,-77.0636,75.13,77,15,11.5
163,Fiche,ET,2022-04-05 00:40:26,9.8,38.7333,53.15,42,32,2.77
164,Broomall,US,2022-04-05 00:40:27,39.9815,-75.3566,50.99,50,100,5.75
165,Big Spring,US,2022-04-05 00:40:27,32.2504,-101.4787,72.05,46,0,0.0
166,Piacabucu,BR,2022-04-05 00:40:27,-10.4056,-36.4344,76.86,78,10,3.47
167,Magdalena,PH,2022-04-05 00:40:28,14.1999,121.429,79.16,86,100,10.36
168,Pokhara,NP,2022-04-05 00:40:28,28.2333,83.9833,71.47,44,3,5.99
169,Quang Ngai,VN,2022-04-05 00:38:54,15.1167,108.8,69.8,90,100,7.14
170,Bokoro,TD,2022-04-05 00:40:28,12.3807,17.0568,86.04,34,66,4.21
171,Penzance,GB,2022-04-05 00:40:29,50.1186,-5.5371,50.68,92,100,17.31
172,Fairbanks,US,2022-04-05 00:38:25,64.8378,-147.7164,24.1,56,75,5.75
173,Kotido,UG,2022-04-05 00:40:29,2.9806,34.1331,74.62,45,11,10.13
174,Cocorit,MX,2022-04-05 00:40:29,27.5833,-109.9667,73.74,39,0,11.81
175,Aliwal North,ZA,2022-04-05 00:40:30,-30.6937,26.7114,52.81,52,0,4.68
176,Saint Marys,US,2022-04-05 00:38:49,30.7305,-81.5465,71.71,81,0,8.05
177,Nizhneivkino,RU,2022-04-05 00:40:30,58.194,49.5214,24.4,93,100,9.46
178,Cabo San Lucas,MX,2022-04-05 00:40:31,22.8909,-109.9124,74.61,75,100,12.97
179,Fukue,JP,2022-04-05 00:40:31,32.6881,128.8419,59.36,47,0,8.05
180,Danjiangkou,CN,2022-04-05 00:40:31,32.5428,111.5086,68.97,54,6,7.92
181,Anadyr,RU,2022-04-05 00:40:31,64.75,177.4833,0.48,70,20,20.13
182,Caibarien,CU,2022-04-05 00:40:32,22.5206,-79.4669,72.72,81,22,10.38
183,Umm Lajj,SA,2022-04-05 00:40:32,25.0213,37.2685,76.39,58,0,7.52
184,Ostrovnoy,RU,2022-04-05 00:40:32,68.0531,39.5131,13.35,93,100,10.33
185,Humaita,BR,2022-04-05 00:41:33,-7.5061,-63.0208,73.96,96,17,1.63
186,Beyneu,KZ,2022-04-05 00:41:33,45.3167,55.2,48.31,69,6,11.34
187,Abashiri,JP,2022-04-05 00:41:33,44.0213,144.2697,57.49,38,0,11.5
188,Gat,IL,2022-04-05 00:37:04,31.61,34.7642,60.82,23,3,6.38
189,Sinnamary,GF,2022-04-05 00:41:34,5.3833,-52.95,77.7,85,96,9.93
190,Camacupa,AO,2022-04-05 00:41:34,-12.0167,17.4833,59.86,95,35,3.65
191,Shimoda,JP,2022-04-05 00:41:35,34.6667,138.95,59.11,66,32,12.82
192,Masaurhi,IN,2022-04-05 00:41:35,25.3509,85.0342,69.69,9,3,2.28
193,San Patricio,US,2022-04-05 00:41:35,28.017,-97.5169,80.69,80,14,12.19
194,Kaeo,NZ,2022-04-05 00:41:35,-35.1,173.7833,73.33,87,100,8.7
195,Kargasok,RU,2022-04-05 00:41:36,59.0556,80.8572,34.59,93,100,8.86
196,San Andres,CO,2022-04-05 00:41:36,12.5847,-81.7006,80.62,78,75,10.36
197,Verkhnetulomskiy,RU,2022-04-05 00:41:36,68.6073,31.7962,-2.07,95,100,5.44
198,Kahului,US,2022-04-05 00:38:16,20.8947,-156.47,82.42,63,40,24.16
199,Alice Springs,AU,2022-04-05 00:41:37,-23.7,133.8833,78.35,14,1,4.61
200,Lebu,CL,2022-04-05 00:41:37,-37.6167,-73.65,55.24,80,93,15.66
201,Saint Anthony,US,2022-04-05 00:41:38,45.0205,-93.218,45.48,67,0,9.22
202,Eirunepe,BR,2022-04-05 00:41:38,-6.6603,-69.8736,77.04,78,94,1.52
203,Kavieng,PG,2022-04-05 00:41:38,-2.5744,150.7967,82.47,79,100,8.19
204,Anloga,GH,2022-04-05 00:41:39,5.7947,0.8973,82.29,82,97,9.44
205,Coahuayana,MX,2022-04-05 00:41:39,18.7333,-103.6833,72.28,77,22,4.36
206,Souillac,MU,2022-04-05 00:41:39,-20.5167,57.5167,77.38,94,75,6.91
207,Saint George,US,2022-04-05 00:41:40,37.1041,-113.5841,80.64,13,0,16.11
208,Colares,PT,2022-04-05 00:41:40,38.7992,-9.4469,57.29,46,100,15.99
209,Port Hardy,CA,2022-04-05 00:41:40,50.6996,-127.4199,42.8,87,100,9.22
210,Vao,NC,2022-04-05 00:41:41,-22.6667,167.4833,78.98,85,100,15.55
211,Alofi,NU,2022-04-05 00:41:41,-19.0595,-169.9187,73.29,88,100,9.22
212,Tirumullaivasal,IN,2022-04-05 00:38:46,11.2333,79.8333,79.32,81,15,3.98
213,Howard Springs,AU,2022-04-05 00:41:41,-12.497,131.047,85.91,66,6,3.65
214,Solwezi,ZM,2022-04-05 00:41:42,-12.1688,26.3894,59.68,95,63,3.04
215,Mount Isa,AU,2022-04-05 00:41:42,-20.7333,139.5,83.97,13,7,11.5
216,Novikovo,RU,2022-04-05 00:41:42,51.1537,37.8879,31.1,75,38,7.18
217,Lagoa,PT,2022-04-05 00:41:43,39.05,-27.9833,59.09,72,23,8.1
218,Yellowknife,CA,2022-04-05 00:41:43,62.456,-114.3525,41.52,52,40,10.36
219,Georgetown,MY,2022-04-05 00:36:46,5.4112,100.3354,78.73,87,40,2.3
220,Taybad,IR,2022-04-05 00:41:43,34.74,60.7756,68.25,15,30,4.45
221,Saskylakh,RU,2022-04-05 00:41:44,71.9167,114.0833,-5.08,96,97,8.14
222,Bone,DE,2022-04-05 00:41:44,51.9669,12.1396,42.26,86,100,17.54
223,Makakilo City,US,2022-04-05 00:41:44,21.3469,-158.0858,80.92,52,75,14.97
224,Abha,SA,2022-04-05 00:41:45,18.2164,42.5053,60.62,11,0,0.0
225,Okhotsk,RU,2022-04-05 00:41:45,59.3833,143.3,26.17,81,100,10.87
226,Botro,CI,2022-04-05 00:41:45,7.8525,-5.3106,81.88,81,100,6.2
227,Kalabo,ZM,2022-04-05 00:41:46,-14.97,22.6814,64.94,97,96,4.23
228,Manadhoo,MV,2022-04-05 00:41:46,5.7667,73.3833,83.1,68,16,2.82
229,Kieta,PG,2022-04-05 00:41:46,-6.2167,155.6333,83.62,80,100,5.77
230,Thoen,TH,2022-04-05 00:41:47,17.6129,99.2161,77.97,64,9,2.04
231,Zhuzhou,CN,2022-04-05 00:42:47,27.8333,113.15,59.13,85,100,2.71
232,Honiara,SB,2022-04-05 00:40:30,-9.4333,159.95,80.62,88,100,7.45
233,Melfi,IT,2022-04-05 00:42:47,40.9965,15.6514,42.49,95,100,1.88
234,Aksu,CN,2022-04-05 00:42:48,41.1231,80.2644,56.32,26,7,4.52
235,Igarka,RU,2022-04-05 00:42:48,67.4667,86.5833,18.9,90,100,20.18
236,Torbay,CA,2022-04-05 00:42:48,47.6666,-52.7314,37.76,95,100,17.27
237,Suntar,RU,2022-04-05 00:42:49,62.1444,117.6319,15.08,85,100,7.38
238,Port Hedland,AU,2022-04-05 00:42:49,-20.3167,118.5667,84.25,61,0,6.91
239,Annau,TM,2022-04-05 00:42:49,37.8876,58.516,69.3,43,40,23.02
240,Kudahuvadhoo,MV,2022-04-05 00:42:50,2.6708,72.8944,83.28,61,2,0.49
241,Guozhen,CN,2022-04-05 00:42:50,34.3659,107.359,67.44,29,2,3.94
242,Sabha,LY,2022-04-05 00:42:50,27.0377,14.4283,80.6,6,0,8.81
243,Dudinka,RU,2022-04-05 00:42:51,69.4058,86.1778,10.27,75,73,14.67
244,Half Moon Bay,US,2022-04-05 00:42:51,37.4636,-122.4286,67.24,82,100,31.07
245,Arauca,CO,2022-04-05 00:40:04,7.0847,-70.7591,78.8,89,75,5.75
246,Constitucion,CL,2022-04-05 00:42:25,-35.3333,-72.4167,56.19,64,0,11.21
247,Komsomolskiy,UZ,2022-04-05 00:42:52,40.4272,71.7189,56.12,50,0,9.22
248,Bay Roberts,CA,2022-04-05 00:42:52,47.5999,-53.2648,38.52,90,100,11.01
249,Necochea,AR,2022-04-05 00:42:52,-38.5473,-58.7368,54.54,62,96,5.59
250,Mihai Bravu,RO,2022-04-05 00:42:53,44.1406,26.0628,42.82,57,0,5.59
251,Karratha,AU,2022-04-05 00:42:53,-20.7377,116.8463,87.87,47,0,7.05
252,Roebourne,AU,2022-04-05 00:42:53,-20.7833,117.1333,89.26,43,0,6.6
253,Hovd,MN,2022-04-05 00:42:54,48.0056,91.6419,43.66,29,20,5.37
254,Iranshahr,IR,2022-04-05 00:42:54,27.2025,60.6848,70.14,14,0,4.61
255,Geraldton,AU,2022-04-05 00:42:54,-28.7667,114.6,68.41,73,0,20.71
256,Mananara,MG,2022-04-05 00:42:55,-16.1667,49.7667,74.14,94,70,4.94
257,Alvorada,BR,2022-04-05 00:42:55,-12.48,-49.1247,75.18,73,8,2.86
258,Dakar,SN,2022-04-05 00:39:56,14.6937,-17.4441,68.13,94,20,9.22
259,Aleksandrovka,UA,2022-04-05 00:42:55,46.8383,32.7612,35.87,79,38,7.07
260,Terekli-Mekteb,RU,2022-04-05 00:42:56,44.1671,45.8698,47.26,73,100,3.51
261,Kresttsy,RU,2022-04-05 00:42:56,58.2452,32.5165,31.19,85,100,12.33
262,Konice,CZ,2022-04-05 00:42:56,49.5903,16.8891,38.53,89,100,14.52
263,Zyryanka,RU,2022-04-05 00:42:57,65.75,150.85,4.3,87,100,7.16
264,Eyl,SO,2022-04-05 00:42:57,7.9803,49.8164,76.55,77,90,2.66
265,Sobolevo,RU,2022-04-05 00:42:57,54.4299,31.8996,29.07,89,92,14.41
266,Yantal,RU,2022-04-05 00:42:58,56.8471,105.2542,20.32,81,84,3.44
267,Jiayuguan,CN,2022-04-05 00:42:58,39.8167,98.3,53.01,13,0,2.91
268,Pangoa,PE,2022-04-05 00:42:58,-12.1167,-73.0,68.38,99,84,1.72
269,Provideniya,RU,2022-04-05 00:42:59,64.3833,-173.3,12.36,61,0,27.0
270,Boguchany,RU,2022-04-05 00:42:59,58.3814,97.4531,23.13,91,100,6.06
271,Santa Helena,BR,2022-04-05 00:42:59,-2.2311,-45.3,73.45,98,100,2.26
272,Zhezkazgan,KZ,2022-04-05 00:43:00,47.8043,67.7144,52.65,51,100,11.59
273,Saint-Joseph,RE,2022-04-05 00:43:00,-21.3667,55.6167,74.21,86,45,8.63
274,Yablonovo,RU,2022-04-05 00:43:00,50.8523,37.3574,30.58,75,14,7.56
275,Thyboron,DK,2022-04-05 00:43:00,56.6985,8.2124,38.08,65,18,28.27
276,San Cristobal,VE,2022-04-05 00:43:01,7.7669,-72.225,73.58,86,22,2.26
277,Fortuna,US,2022-04-05 00:43:01,40.5982,-124.1573,53.92,94,75,9.22
278,Dali,CN,2022-04-05 00:44:01,25.7,100.1833,54.72,90,100,2.3
279,Bilibino,RU,2022-04-05 00:44:02,68.0546,166.4372,5.5,67,0,2.91
280,Matagami,CA,2022-04-05 00:44:02,49.7502,-77.6328,26.71,68,0,0.0
281,Sorland,NO,2022-04-05 00:44:03,67.667,12.6934,30.9,46,17,15.14
282,Adrar,MR,2022-04-05 00:44:03,20.5022,-10.0711,71.28,34,0,8.41
283,Kenora,CA,2022-04-05 00:39:10,49.8167,-94.4337,41.97,48,75,4.61
284,Nishihara,JP,2022-04-05 00:44:03,26.1842,127.7558,67.28,62,75,10.36
285,Bandarbeyla,SO,2022-04-05 00:44:04,9.4942,50.8122,76.28,77,39,3.2
286,Isangel,VU,2022-04-05 00:44:04,-19.55,169.2667,87.91,74,75,4.61
287,Yuza,JP,2022-04-05 00:44:05,39.0,139.9167,51.85,72,64,5.32
288,Asau,RO,2022-04-05 00:44:05,46.4333,26.4,36.52,82,1,5.75
289,Juegang,CN,2022-04-05 00:44:05,32.3174,121.1855,57.97,75,100,9.04
290,Tautira,PF,2022-04-05 00:44:06,-17.7333,-149.15,82.42,76,32,14.94
291,Teguldet,RU,2022-04-05 00:44:06,57.3064,88.1667,34.83,99,100,7.81
292,Vagur,FO,2022-04-05 00:44:07,61.4732,-6.8119,34.84,63,100,13.06
293,Butaritari,KI,2022-04-05 00:44:07,3.0707,172.7902,81.93,80,31,15.88
294,Valparaiso,CL,2022-04-05 00:41:21,-33.0393,-71.6273,59.47,65,0,3.44
295,Kaitangata,NZ,2022-04-05 00:44:08,-46.2817,169.8464,67.98,61,100,5.64
296,Hualmay,PE,2022-04-05 00:44:08,-11.0964,-77.6139,69.39,83,99,10.67
297,Banda Aceh,ID,2022-04-05 00:44:08,5.5577,95.3222,79.61,78,100,4.12
298,Plouzane,FR,2022-04-05 00:44:09,48.3833,-4.6167,50.32,100,100,10.36
299,Lixourion,GR,2022-04-05 00:44:09,38.2019,20.4314,59.27,58,100,2.84
300,Changde,CN,2022-04-05 00:40:23,29.0464,111.6783,60.96,77,100,9.86
301,Ixtapa,MX,2022-04-05 00:44:09,20.7,-105.2,74.43,60,0,10.36
302,Kalaleh,IR,2022-04-05 00:44:10,37.3807,55.4916,56.8,77,75,13.8
303,Spasskoye,RU,2022-04-05 00:44:10,44.6108,132.7969,55.0,44,37,22.08
304,Porangatu,BR,2022-04-05 00:44:10,-13.4408,-49.1486,73.44,72,7,1.54
305,Ardalstangen,NO,2022-04-05 00:44:11,61.2371,7.6983,14.74,98,100,3.44
306,Poroshkovo,UA,2022-04-05 00:44:11,48.6683,22.7533,35.02,96,100,9.01
307,Tabas,IR,2022-04-05 00:44:12,33.5959,56.9244,76.71,11,89,2.75
308,Am Timan,TD,2022-04-05 00:44:12,11.0297,20.2827,88.29,37,99,6.87
309,Svetlogorsk,BY,2022-04-05 00:44:12,52.6333,29.7333,31.71,70,100,14.36
310,Tsuyama,JP,2022-04-05 00:44:13,35.05,134.0,52.83,25,3,2.35
311,Leningradskiy,RU,2022-04-05 00:44:13,69.3833,178.4167,-2.4,84,44,3.09
312,Freeport,US,2022-04-05 00:44:13,40.6576,-73.5832,51.98,52,0,16.11
313,Ugoofaaru,MV,2022-04-05 00:44:14,5.6667,73.0,83.1,68,14,3.94
314,Touros,BR,2022-04-05 00:44:14,-5.1989,-35.4608,78.13,79,39,9.84
315,Sutysky,UA,2022-04-05 00:44:15,49.0425,28.4173,30.51,69,6,7.11
316,Deputatskiy,RU,2022-04-05 00:44:15,69.3,139.9,-2.42,91,99,3.78
317,Longyearbyen,SJ,2022-04-05 00:44:15,78.2186,15.6401,10.24,61,20,16.11
318,Saint-Pierre,RE,2022-04-05 00:44:16,-21.3393,55.4781,75.29,86,35,4.61
319,Kodiak,US,2022-04-05 00:41:52,57.79,-152.4072,40.51,56,100,12.66
320,Hobyo,SO,2022-04-05 00:44:16,5.3505,48.5268,80.64,73,4,8.99
321,Waipawa,NZ,2022-04-05 00:44:17,-41.4122,175.5153,67.71,68,100,15.03
322,Jinji,CN,2022-04-05 00:44:17,23.2281,110.8261,68.99,56,0,1.14
323,Walvis Bay,NA,2022-04-05 00:44:17,-22.9575,14.5053,57.09,94,0,4.61
324,Sao Filipe,CV,2022-04-05 00:44:18,14.8961,-24.4956,71.11,78,4,5.17
325,Port Elizabeth,ZA,2022-04-05 00:44:18,-33.918,25.5701,61.32,80,0,3.44
326,Nemuro,JP,2022-04-05 00:45:18,43.3236,145.575,41.59,86,12,12.88
327,Nuevo Progreso,MX,2022-04-05 00:45:19,23.1667,-97.95,78.55,67,85,4.0
328,Benjamin Constant,BR,2022-04-05 00:45:19,-4.3831,-70.0311,78.93,80,83,0.74
329,Ulladulla,AU,2022-04-05 00:45:20,-35.35,150.4667,72.5,67,45,4.21
330,Goulburn,AU,2022-04-05 00:45:20,-34.75,149.7167,64.96,57,0,7.74
331,Ponta Do Sol,PT,2022-04-05 00:45:20,32.6667,-17.1,56.01,73,26,10.45
332,Santiago Del Estero,AR,2022-04-05 00:45:21,-27.7951,-64.2615,64.38,65,6,7.52
333,Fougeres,FR,2022-04-05 00:45:21,48.35,-1.2,44.46,99,100,8.99
334,Trat,TH,2022-04-05 00:45:21,12.5,102.5,78.6,67,64,13.98
335,Tazovskiy,RU,2022-04-05 00:45:22,67.4667,78.7,25.72,96,100,19.33
336,Prado,BR,2022-04-05 00:45:22,-17.3411,-39.2208,76.86,81,2,4.14
337,Allapalli,IN,2022-04-05 00:45:23,19.4167,80.0667,79.86,59,11,4.5
338,Taoudenni,ML,2022-04-05 00:45:23,22.6783,-3.9836,81.34,19,0,8.01
339,Ust-Shonosha,RU,2022-04-05 00:45:24,61.1531,41.343,14.22,97,32,3.02
340,Sitka,US,2022-04-05 00:45:24,57.0531,-135.33,44.49,65,0,10.36
341,Butterworth,MY,2022-04-05 00:45:24,5.3991,100.3638,80.64,87,40,2.3
342,Razdolinsk,RU,2022-04-05 00:45:25,58.4211,94.6658,22.98,96,100,7.11
343,Qaqortoq,GL,2022-04-05 00:44:17,60.7167,-46.0333,35.53,93,100,3.51
344,Lodja,CD,2022-04-05 00:45:25,-3.4833,23.4333,66.6,99,100,0.98
345,Kurmanayevka,RU,2022-04-05 00:45:26,52.5093,52.0675,30.47,83,15,14.61
346,Pimentel,PE,2022-04-05 00:45:26,-6.8367,-79.9342,69.75,84,17,12.97
347,Hervey Bay,AU,2022-04-05 00:45:26,-25.2986,152.8535,79.79,58,0,11.18
348,Uusikaupunki,FI,2022-04-05 00:45:27,60.8004,21.4084,30.92,98,100,14.74
349,Egvekinot,RU,2022-04-05 00:45:27,66.3167,-179.1667,-5.87,82,20,15.88
350,Kirakira,SB,2022-04-05 00:45:27,-10.4544,161.9205,81.36,87,100,15.21
351,Cherskiy,RU,2022-04-05 00:45:28,68.75,161.3,-2.54,84,35,2.91
352,Baykit,RU,2022-04-05 00:45:28,61.67,96.37,20.98,95,100,4.18
353,Ilulissat,GL,2022-04-05 00:45:28,69.2167,-51.1,32.02,64,20,3.44
354,Sieghartskirchen,AT,2022-04-05 00:45:29,48.2553,16.0122,44.44,74,100,21.99
355,Mackenzie,CA,2022-04-05 00:45:29,55.2999,-123.1698,34.02,80,100,3.44
356,Maldonado,UY,2022-04-05 00:45:29,-34.6667,-54.9167,52.99,59,0,3.29
357,Pedasi,PA,2022-04-05 00:45:30,7.5333,-80.0333,77.07,79,100,3.67
358,Canico,PT,2022-04-05 00:45:30,32.6333,-16.85,56.01,81,75,13.8
359,Punta Alta,AR,2022-04-05 00:45:30,-38.8759,-62.0736,59.79,43,18,9.78
360,Yerbogachen,RU,2022-04-05 00:45:31,61.2767,108.0108,10.42,90,86,4.0
361,North Las Vegas,US,2022-04-05 00:45:32,36.1989,-115.1175,85.42,10,0,19.57
362,Chimbote,PE,2022-04-05 00:44:59,-9.0853,-78.5783,68.05,87,59,6.15
363,Kismayo,SO,2022-04-05 00:45:33,-0.3582,42.5454,79.68,82,34,9.55
364,Muroto,JP,2022-04-05 00:45:33,33.2833,134.15,56.39,60,0,4.76
365,Natal,BR,2022-04-05 00:45:33,-5.795,-35.2094,77.65,94,20,3.44
366,Yasenskaya,RU,2022-04-05 00:45:33,46.3592,38.269,39.67,68,32,9.15
367,Kosonsoy,UZ,2022-04-05 00:45:34,41.2561,71.5508,50.56,34,0,7.05
368,Saint-Augustin,CA,2022-04-05 00:45:34,51.226,-58.6502,31.55,94,100,6.15
369,Serrana,BR,2022-04-05 00:42:03,-21.2114,-47.5956,76.95,87,94,2.89
370,Aykhal,RU,2022-04-05 00:45:35,66.0,111.5,3.25,94,100,4.83
371,Brownfield,US,2022-04-05 00:45:35,33.1812,-102.2744,64.47,60,9,13.53
372,Koungou,YT,2022-04-05 00:46:35,-12.7336,45.2042,76.71,94,20,4.61
373,Rio Grande,BR,2022-04-05 00:46:36,-32.035,-52.0986,63.95,78,92,10.85
374,Coihaique,CL,2022-04-05 00:46:36,-45.5752,-72.0662,51.75,82,75,3.44
375,Salalah,OM,2022-04-05 00:41:53,17.0151,54.0924,77.09,83,0,2.3
376,Aksarka,RU,2022-04-05 00:46:36,66.5606,67.7975,7.36,99,91,3.29
377,Ferry Pass,US,2022-04-05 00:46:37,30.5102,-87.2125,69.71,79,0,6.93
378,Dunedin,NZ,2022-04-05 00:46:37,-45.8742,170.5036,59.81,86,100,3.0
379,Lakatoro,VU,2022-04-05 00:46:37,-16.0999,167.4164,82.76,76,100,12.19
380,Havre-Saint-Pierre,CA,2022-04-05 00:46:38,50.2334,-63.5986,34.16,51,0,13.8
381,Lambarene,GA,2022-04-05 00:46:38,-0.7001,10.2406,74.93,92,100,3.56
382,Seddon,AU,2022-04-05 00:46:38,-37.8068,144.8916,66.11,78,40,8.05
383,Erdenet,MN,2022-04-05 00:46:39,49.0333,104.0833,22.53,48,100,5.32
384,Aguimes,ES,2022-04-05 00:46:39,27.9054,-15.4461,57.83,48,20,12.66
385,Vostok,RU,2022-04-05 00:46:40,46.4856,135.8833,51.01,55,61,7.34
386,Miranda,CO,2022-04-05 00:46:40,3.2499,-76.2281,68.13,93,85,4.9
387,Yar-Sale,RU,2022-04-05 00:46:40,66.8333,70.8333,27.73,98,97,6.82
388,Tombouctou,ML,2022-04-05 00:46:40,20.0,-3.0,83.08,12,0,10.98
389,Inongo,CD,2022-04-05 00:46:41,-1.95,18.2667,72.48,90,100,4.29
390,Porto Novo,BJ,2022-04-05 00:46:41,6.4965,2.6036,84.02,79,99,7.2
391,Dingle,PH,2022-04-05 00:46:41,10.9995,122.6711,84.22,70,100,11.56
392,Tommot,RU,2022-04-05 00:46:42,58.9564,126.2925,18.25,83,100,10.36
393,Kibala,TD,2022-04-05 00:46:42,9.1104,18.3463,82.22,53,60,5.61
394,Port Blair,IN,2022-04-05 00:46:42,11.6667,92.75,81.9,75,82,3.51
395,Wattegama,LK,2022-04-05 00:46:43,6.7989,81.4808,73.53,92,65,1.54
396,Perry,US,2022-04-05 00:46:31,37.2506,-83.1999,62.78,64,100,2.84
397,Libreville,GA,2022-04-05 00:46:43,0.3925,9.4537,78.82,89,20,9.22
398,Ballybofey,IE,2022-04-05 00:46:43,54.8,-7.7833,48.51,95,100,14.7
399,Palauig,PH,2022-04-05 00:46:44,15.435,119.9045,84.27,62,100,0.67
400,Sisimiut,GL,2022-04-05 00:46:44,66.9395,-53.6735,24.28,96,79,3.98
401,Bonga,ET,2022-04-05 00:46:44,7.2833,36.2333,59.34,97,99,1.5
402,Mayo,US,2022-04-05 00:43:13,38.8876,-76.5119,52.27,69,20,4.61
403,Pueblo Bello,CO,2022-04-05 00:46:45,8.2041,-76.526,73.9,97,100,1.41
404,West Odessa,US,2022-04-05 00:46:45,31.8424,-102.4988,78.82,22,0,6.91
405,Biak,ID,2022-04-05 00:46:46,-0.9131,122.8766,81.59,70,94,3.91
406,Zhaotong,CN,2022-04-05 00:46:46,27.3167,103.7167,41.79,88,100,1.61
407,Erzurum,TR,2022-04-05 00:46:46,40.0,41.5,31.68,81,100,4.85
408,Ozernovskiy,RU,2022-04-05 00:46:47,51.5,156.5167,36.0,90,7,9.51
409,Bloemhof,ZA,2022-04-05 00:46:47,-27.6469,25.607,56.8,47,0,1.45
410,Nizhniy Odes,RU,2022-04-05 00:46:47,63.6445,54.856,8.74,98,100,4.65
411,Wahiawa,US,2022-04-05 00:46:48,21.5028,-158.0236,79.12,59,40,10.36
412,Bani Walid,LY,2022-04-05 00:46:48,31.7566,13.9942,77.02,10,100,13.04
413,Bulgan,MN,2022-04-05 00:46:48,48.8125,103.5347,25.86,52,100,4.61
414,Uray,RU,2022-04-05 00:46:48,60.1247,64.7758,35.04,100,100,8.46
415,Aras,ES,2022-04-05 00:46:49,42.5617,-2.356,28.81,86,0,2.3
416,Bengkulu,ID,2022-04-05 00:46:49,-3.8004,102.2655,79.14,69,59,3.94
417,Zeya,RU,2022-04-05 00:46:49,53.75,127.2667,25.9,43,100,11.92
418,Mancio Lima,BR,2022-04-05 00:47:50,-7.6142,-72.8958,73.92,81,8,1.05
419,Chinsali,ZM,2022-04-05 00:47:50,-10.5414,32.0816,60.82,99,100,3.44
420,Cidreira,BR,2022-04-05 00:47:50,-30.1811,-50.2056,68.88,88,52,6.76
421,Sungaipenuh,ID,2022-04-05 00:47:51,-2.0833,101.3833,71.55,62,72,0.81
422,Borba,BR,2022-04-05 00:47:51,-4.3878,-59.5939,74.16,99,100,3.67
423,Nanortalik,GL,2022-04-05 00:47:51,60.1432,-45.2371,33.75,80,100,4.03
424,Ketchikan,US,2022-04-05 00:47:52,55.3422,-131.6461,46.87,57,100,4.61
425,Esna,EG,2022-04-05 00:47:52,25.2934,32.554,77.02,13,0,0.65
426,Clyde River,CA,2022-04-05 00:47:52,70.4692,-68.5914,10.63,72,0,2.3
427,Bulawayo,ZW,2022-04-05 00:47:53,-20.15,28.5833,62.74,81,85,5.19
428,Nome,US,2022-04-05 00:47:53,64.5011,-165.4064,19.47,45,0,9.22
429,Sambava,MG,2022-04-05 00:47:53,-14.2667,50.1667,74.3,90,100,4.32
430,Monticello,US,2022-04-05 00:47:54,45.3055,-93.7941,44.64,72,0,0.0
431,Plettenberg Bay,ZA,2022-04-05 00:47:54,-34.0527,23.3716,61.02,81,4,7.14
432,Pucara,PE,2022-04-05 00:47:54,-15.9803,-71.4606,39.33,94,100,4.32
433,Jiuquan,CN,2022-04-05 00:47:55,39.7432,98.5174,54.66,12,0,2.28
434,Elk,PL,2022-04-05 00:44:43,53.8282,22.3647,34.02,96,100,21.79
435,Ternate,ID,2022-04-05 00:47:55,0.8,127.4,83.66,74,80,8.77
436,Ceres,US,2022-04-05 00:47:55,37.5949,-120.9577,75.15,41,0,18.41
437,Eldoret,KE,2022-04-05 00:47:56,0.5204,35.2699,57.34,80,3,9.37
438,Jutai,BR,2022-04-05 00:47:56,-5.1833,-68.9,77.63,79,100,1.19
439,Warri,NG,2022-04-05 00:47:56,5.5167,5.75,77.94,90,100,3.51
440,Mbandaka,CD,2022-04-05 00:47:57,0.0487,18.2603,73.26,83,100,4.88
441,Baft,IR,2022-04-05 00:47:57,29.234,56.6057,55.36,24,7,3.71
442,Port-Cartier,CA,2022-04-05 00:47:57,50.0334,-66.8654,32.22,80,6,10.85
443,Yatou,CN,2022-04-05 00:47:58,37.15,122.3833,52.7,65,100,19.28
444,Poum,NC,2022-04-05 00:47:58,-20.2333,164.0167,80.62,82,100,24.61
445,Acapulco,MX,2022-04-05 00:47:58,16.8634,-99.8901,76.75,73,36,9.37
446,Salamanca,ES,2022-04-05 00:47:59,40.8333,-6.0,34.0,74,98,10.83
447,Olafsvik,IS,2022-04-05 00:47:59,64.8945,-23.7142,28.2,70,98,29.97
448,Tra Vinh,VN,2022-04-05 00:47:59,9.9347,106.3453,81.68,72,54,5.03
449,Cervo,ES,2022-04-05 00:48:00,43.6702,-7.4101,46.96,74,3,13.73
450,Shetpe,KZ,2022-04-05 00:48:00,44.1667,52.1167,45.43,73,57,6.96
451,Razole,IN,2022-04-05 00:48:00,16.4833,81.8333,78.62,83,91,2.71
452,Pesaro,IT,2022-04-05 00:48:01,43.9036,12.8903,45.21,86,3,3.74
453,Jashpurnagar,IN,2022-04-05 00:48:01,22.9,84.15,73.62,14,8,1.01
454,Zatoka,UA,2022-04-05 00:48:01,46.0725,30.4654,42.15,84,4,17.11
455,Nantucket,US,2022-04-05 00:47:08,41.2835,-70.0995,46.54,71,0,16.11
456,Kyshtovka,RU,2022-04-05 00:48:02,56.555,76.6271,36.39,85,100,10.0
457,Lorengau,PG,2022-04-05 00:47:00,-2.0226,147.2712,82.94,78,100,14.97
458,Warwick,US,2022-04-05 00:47:11,41.7001,-71.4162,50.5,48,100,6.89
459,Venado Tuerto,AR,2022-04-05 00:48:04,-33.7456,-61.9688,55.18,33,0,8.05
460,Launceston,AU,2022-04-05 00:48:04,-41.45,147.1667,64.8,64,100,14.97
461,Cockburn Town,TC,2022-04-05 00:44:26,21.4612,-71.1419,78.12,81,0,15.01
462,Broome,US,2022-04-05 00:48:04,42.2506,-75.833,41.61,69,100,3.44
463,Takhtamygda,RU,2022-04-05 00:48:05,54.1,123.5667,23.56,44,65,13.33
464,Taywarah,AF,2022-04-05 00:49:05,33.35,64.4167,44.82,28,0,1.28
465,Namibe,AO,2022-04-05 00:49:06,-15.1961,12.1522,68.47,81,29,6.85
466,Luklukan,PH,2022-04-05 00:49:06,14.3254,122.7124,79.11,90,100,15.55
467,Montes Altos,BR,2022-04-05 00:49:07,-5.8333,-47.0667,73.31,92,97,1.54
468,Kajaani,FI,2022-04-05 00:49:07,64.2273,27.7285,30.25,93,100,8.05
469,Sokoni,TZ,2022-04-05 00:49:07,-6.4333,39.55,80.46,74,9,4.65
470,Upata,VE,2022-04-05 00:49:08,8.0086,-62.3989,75.11,81,100,7.83
471,Aguililla,MX,2022-04-05 00:49:08,18.7333,-102.7333,76.01,27,66,6.76
472,Tokur,RU,2022-04-05 00:49:09,53.1333,132.9,17.19,82,100,6.44
473,General Roca,AR,2022-04-05 00:49:09,-39.0333,-67.5833,61.63,16,5,7.9
474,Kruisfontein,ZA,2022-04-05 00:49:09,-34.0033,24.7314,55.89,74,1,9.06
475,Kumo,NG,2022-04-05 00:49:10,10.0447,11.2122,84.51,25,24,7.16
476,Fare,PF,2022-04-05 00:49:10,-16.7,-151.0167,83.03,73,94,16.96
477,Sangar,RU,2022-04-05 00:49:11,63.9242,127.4739,6.51,93,100,9.08
478,Gilgit,PK,2022-04-05 00:49:11,35.9221,74.3087,55.4,49,0,4.25
479,Scottsbluff,US,2022-04-05 00:46:49,41.8666,-103.6672,66.43,19,75,13.8
480,Idah,NG,2022-04-05 00:49:12,7.1065,6.7342,81.05,72,100,6.64
481,San-Pedro,CI,2022-04-05 00:49:12,4.7485,-6.6363,79.95,90,100,6.06
482,Cap Malheureux,MU,2022-04-05 00:49:13,-19.9842,57.6142,77.47,87,35,1.99
483,Arman,RU,2022-04-05 00:49:13,59.7,150.1667,23.02,90,100,15.1
484,Shingu,JP,2022-04-05 00:49:14,33.7333,135.9833,59.45,35,0,3.27
485,Sistranda,NO,2022-04-05 00:49:14,63.7256,8.834,26.56,53,78,15.39
486,Lasa,IT,2022-04-05 00:48:19,46.6166,10.7002,36.48,69,34,4.43
487,Murray Bridge,AU,2022-04-05 00:45:31,-35.1167,139.2667,67.12,50,100,3.8
488,Kayerkan,RU,2022-04-05 00:49:15,69.3497,87.7602,0.72,84,45,9.64
489,Kitimat,CA,2022-04-05 00:49:15,54.0524,-128.6534,44.98,57,100,1.21
490,Padang,ID,2022-04-05 00:49:16,-0.9492,100.3543,75.25,70,18,2.44
491,Tomatlan,MX,2022-04-05 00:46:09,19.9333,-105.25,72.37,68,0,5.75
492,Azad Shahr,IR,2022-04-05 00:49:16,34.7909,48.5707,41.49,36,0,4.61
493,Camopi,GF,2022-04-05 00:49:17,3.1655,-52.3158,71.85,100,100,2.3
494,Abu Kamal,SY,2022-04-05 00:49:17,34.4506,40.9171,64.96,32,0,9.46
495,La Union,PE,2022-04-05 00:49:17,-5.4,-80.75,74.62,67,11,13.29
496,Texarkana,US,2022-04-05 00:44:53,33.4251,-94.0477,79.02,48,0,4.61
497,Iguape,BR,2022-04-05 00:49:18,-24.7081,-47.5553,74.19,96,100,5.61
498,Kasongo-Lunda,CD,2022-04-05 00:49:18,-6.4667,16.8167,69.31,98,100,1.19
499,Ponnani,IN,2022-04-05 00:49:19,10.767,75.9252,78.12,83,100,1.48
500,Trinidad,BO,2022-04-05 00:49:19,-14.8333,-64.9,73.87,91,26,1.86
501,Olinda,BR,2022-04-05 00:49:00,-8.0089,-34.8553,82.13,69,20,8.05
502,Amahai,ID,2022-04-05 00:49:20,-3.3333,128.9167,82.8,68,97,1.92
503,Jining,CN,2022-04-05 00:49:20,35.405,116.5814,61.97,52,100,11.34
504,Port-Gentil,GA,2022-04-05 00:49:20,-0.7193,8.7815,80.38,82,98,8.59
505,Ambulu,ID,2022-04-05 00:49:21,-8.345,113.6058,79.72,80,13,1.79
506,Monte Alegre,BR,2022-04-05 00:49:21,-2.0078,-54.0692,73.56,95,63,1.57
507,Quatre Cocos,MU,2022-04-05 00:49:21,-20.2078,57.7625,77.11,85,53,10.11
508,San Jose,US,2022-04-05 00:49:40,37.3394,-121.895,70.68,61,40,20.71
509,Melnikovo,RU,2022-04-05 00:50:22,56.5558,84.085,35.26,88,100,8.25
510,Mangan,IN,2022-04-05 00:50:22,27.5167,88.5333,69.08,88,100,0.04
511,Flin Flon,CA,2022-04-05 00:45:31,54.7682,-101.865,31.8,83,67,14.12
512,Santa Cruz,BO,2022-04-05 00:50:23,-17.8,-63.1667,76.46,88,20,2.3
513,Meulaboh,ID,2022-04-05 00:50:23,4.1363,96.1285,77.09,85,100,3.85
514,Aleksandrov Gay,RU,2022-04-05 00:50:24,50.147,48.5704,33.28,86,11,11.9
515,Naze,JP,2022-04-05 00:50:24,28.3667,129.4833,65.32,49,6,5.73
516,Kropotkin,RU,2022-04-05 00:50:25,45.4375,40.5756,42.31,84,100,3.42
517,Sicamous,CA,2022-04-05 00:45:31,50.8331,-118.9856,56.37,85,100,2.33
518,Ahar,IR,2022-04-05 00:50:25,38.4774,47.0699,47.3,81,100,4.76
519,Caohe,CN,2022-04-05 00:50:25,30.2297,115.4335,59.52,68,100,1.9
520,Kupang,ID,2022-04-05 00:50:26,-10.1667,123.5833,82.13,74,1,1.14
521,Puerto Gaitan,CO,2022-04-05 00:50:10,4.3133,-72.0816,79.23,79,23,0.54
522,Sao Jose Da Coroa Grande,BR,2022-04-05 00:50:26,-8.8978,-35.1478,77.99,78,9,5.39
523,Chumikan,RU,2022-04-05 00:50:27,54.7183,135.315,25.63,68,100,5.57
524,Pitkyaranta,RU,2022-04-05 00:50:27,61.5734,31.4792,29.79,97,100,18.23
525,Shitkino,RU,2022-04-05 00:50:27,56.3703,98.3543,26.76,75,100,7.72
526,Ewa Beach,US,2022-04-05 00:50:28,21.3156,-158.0072,82.35,53,75,14.97
527,Megion,RU,2022-04-05 00:50:28,61.0296,76.1136,37.42,100,100,6.13
528,Dzhebariki-Khaya,RU,2022-04-05 00:50:28,62.2167,135.8,15.4,80,100,3.71
529,Klaksvik,FO,2022-04-05 00:50:29,62.2266,-6.589,31.12,61,100,14.81
530,Nanhai,CN,2022-04-05 00:50:29,30.1282,111.7784,63.25,68,100,4.16
531,Portland,US,2022-04-05 00:47:40,45.5234,-122.6762,49.95,74,75,14.97
532,Pasni,PK,2022-04-05 00:50:29,25.2631,63.471,76.71,61,0,8.55
533,Mwinilunga,ZM,2022-04-05 00:50:30,-11.7358,24.4293,60.28,97,52,2.59
534,Marawi,PH,2022-04-05 00:50:30,7.9986,124.2928,75.16,84,100,3.65
535,Kaseda,JP,2022-04-05 00:50:30,31.4167,130.3167,58.42,45,10,5.88
536,Brownwood,US,2022-04-05 00:46:19,31.7093,-98.9912,78.12,60,20,12.66
537,Nyurba,RU,2022-04-05 00:50:31,63.2842,118.3319,7.32,88,89,6.78
538,Kalach-Na-Donu,RU,2022-04-05 00:50:31,48.691,43.5264,35.29,74,100,8.05
539,Nieuw Amsterdam,SR,2022-04-05 00:50:31,5.8833,-55.0833,77.16,89,40,5.75
540,Chifeng,CN,2022-04-05 00:47:00,42.2683,118.9636,43.65,33,8,14.14
541,Kongolo,CD,2022-04-05 00:50:32,-5.3833,27.0,70.93,96,100,0.76
542,Lumby,CA,2022-04-05 00:50:32,50.2498,-118.969,50.59,29,99,9.22
543,Vestmannaeyjar,IS,2022-04-05 00:50:32,63.4427,-20.2734,36.16,74,100,23.49
544,Bonthe,SL,2022-04-05 00:50:33,7.5264,-12.505,76.89,82,70,4.34
545,Kasamwa,TZ,2022-04-05 00:50:33,-2.85,32.4333,64.02,87,99,3.4
546,Ilhabela,BR,2022-04-05 00:48:05,-23.7781,-45.3581,74.53,91,100,3.38
547,Kattivakkam,IN,2022-04-05 00:47:34,13.2167,80.3167,82.08,87,46,7.94
548,Yulara,AU,2022-04-05 00:48:20,-25.2406,130.9889,75.04,19,0,5.75
549,Dubti,ET,2022-04-05 00:50:34,11.7361,41.0853,82.24,32,12,6.58
550,Izumo,JP,2022-04-05 00:50:34,35.3667,132.7667,48.09,57,0,8.05
551,Dauphin,CA,2022-04-05 00:50:34,51.1494,-100.0502,42.94,81,0,20.71
552,Berlevag,NO,2022-04-05 00:50:35,70.8578,29.0864,17.4,71,93,12.26
553,Hirara,JP,2022-04-05 00:47:40,24.8,125.2833,71.87,53,40,10.36
554,Lovozero,RU,2022-04-05 00:50:35,68.005,35.0117,12.27,97,100,8.12
555,Katherine,AU,2022-04-05 00:48:57,-14.4667,132.2667,88.12,58,20,6.91
556,Harper,LR,2022-04-05 00:51:35,4.375,-7.7169,80.67,85,100,7.87
557,Boyolangu,ID,2022-04-05 00:51:36,-8.1181,111.8935,80.37,79,51,2.33
558,Glubokiy,RU,2022-04-05 00:51:36,48.5217,40.3258,36.03,67,100,6.71
559,Itapirapua,BR,2022-04-05 00:51:19,-15.8233,-50.6133,73.53,64,1,2.73
560,Jacqueville,CI,2022-04-05 00:51:36,5.2052,-4.4146,81.36,87,100,11.72
561,Mehamn,NO,2022-04-05 00:51:37,71.0357,27.8492,20.79,90,97,5.35
562,Tuatapere,NZ,2022-04-05 00:51:37,-46.1333,167.6833,66.69,69,100,5.77
563,La Ronge,CA,2022-04-05 00:50:38,55.1001,-105.2842,43.05,49,0,17.27
564,Ucluelet,CA,2022-04-05 00:51:38,48.9329,-125.5528,44.91,86,100,8.99
565,Monze,ZM,2022-04-05 00:51:38,-16.2833,27.4833,63.32,93,100,2.51
566,Armizonskoye,RU,2022-04-05 00:51:38,55.9461,67.6736,36.79,93,100,8.68
567,Luchegorsk,RU,2022-04-05 00:51:38,46.4764,134.2569,52.61,50,32,16.15
568,Pitimbu,BR,2022-04-05 00:51:39,-7.4706,-34.8086,77.59,76,15,8.08
569,Eureka,US,2022-04-05 00:51:39,40.8021,-124.1637,54.93,91,100,3.0
570,Goundam,ML,2022-04-05 00:51:39,16.4145,-3.6708,84.61,12,0,9.55
571,Kavaratti,IN,2022-04-05 00:51:40,10.5669,72.642,82.02,74,55,2.73
